Day,任务,验收交付,完成状态,日期,备注
D01,确定账号用户,一句定位描述,待开始,,
D02,研究10个对标账号,账号链接与受众,待开始,,
D03,研究10个低粉对标,同账号基线记录,待开始,,
D04,搜集15个选题,有来源的选题行,待开始,,
D05,再搜15个选题,选题库共30行,待开始,,
D06,实测排名前3的选题,工具可用性与截图,待开始,,
D07,发布第1条,作品链接与原始文件,待开始,,
D08,记录第1条24h表现,真实指标快照,待开始,,
D09,实测第二个任务,原始输入与输出,待开始,,
D10,发布第2条,作品链接,待开始,,
D11,评论区采集10条问题,用户问题清单,待开始,,
D12,制作第三条脚本,分镜脚本,待开始,,
D13,发布第3条,作品链接,待开始,,
D14,首次横向复盘,本周假设与实验计划,待开始,,
D15,研究表现好的5条同类内容,选题共性说明,待开始,,
D16,制作第4条,完整素材,待开始,,
D17,发布第4条,作品链接,待开始,,
D18,整理5个高频问题,系列内容提纲,待开始,,
D19,制作第5条,同类选题不同开头,待开始,,
D20,发布第5条,作品链接,待开始,,
D21,明确一个系列,3集连续选题,待开始,,
D22,制作系列第1集,实测记录,待开始,,
D23,发布系列第1集,作品链接,待开始,,
D24,制作系列第2集,实际对比内容,待开始,,
D25,发布系列第2集,作品链接,待开始,,
D26,整理最好的3条作品,作品集与统计日期,待开始,,
D27,完成一页媒体介绍,真实数据与能力,待开始,,
D28,找5个适合的品牌,官方公开合作方式,待开始,,
D29,提出个性化合作方案,发出记录，不群发骚扰,待开始,,
D30,完成月度复盘,保留方向+下月实验,待开始,,
